"bioid","chamber","first_name","last_name","party","dw_nominate","seniority","state","state_name","district","followersCount","screen_name","user_id","platform","gender","birthday","age"
"A000055","House","Robert","Aderholt","R",0.466,18,"AL","Alabama",4,NA,"RobertAderholt",19787529402,"facebook","M","1965-07-22",49
"A000360","Senate","Lamar","Alexander","R",0.348,11,"TN","Tennessee",NA,NA,"senatorlamaralexander",89927603836,"facebook","M","1940-07-03",74
"A000367","House","Justin","Amash","R",0.995,4,"MI","Michigan",3,NA,"repjustinamash",173604349345646,"facebook","M","1980-04-18",34
"A000368","Senate","Kelly","Ayotte","R",0.442,3,"NH","New Hampshire",NA,NA,"kellyayottenh",123436097729198,"facebook","F","1968-06-27",46
"A000369","House","Mark","Amodei","R",0.666,4,"NV","Nevada",2,NA,"MarkAmodeiNV2",307227745970624,"facebook","M","1958-06-12",56
"B000213","House","Joe","Barton","R",0.709,30,"TX","Texas",6,NA,"RepJoeBarton",15617630596,"facebook","M","1949-09-15",65
"B000287","House","Xavier","Becerra","D",-0.446,22,"CA","California",34,NA,"XavierBecerra",90311772229,"facebook","M","1958-01-26",56
"B000490","House","Sanford","Bishop Jr.","D",-0.218,22,"GA","Georgia",2,NA,"sanfordbishop",366739521606,"facebook","M","1947-02-04",67
"B000575","Senate","Roy","Blunt","R",0.468,3,"MO","Missouri",NA,NA,"SenatorBlunt",142473042477322,"facebook","M","1950-01-10",64
"B000589","House","John","Boehner","R",NA,24,"OH","Ohio",8,NA,"SpeakerJohnBoehner",175082565865743,"facebook","M","1949-11-17",65
"B000711","Senate","Barbara","Boxer","D",-0.488,21,"CA","California",NA,NA,"senatorboxer",116513005087055,"facebook","F","1940-11-11",74
"B000755","House","Kevin","Brady","R",0.765,18,"TX","Texas",8,NA,"kevinbrady",9307301412,"facebook","M","1955-04-11",59
"B000911","House","Corrine","Brown","D",-0.368,22,"FL","Florida",5,NA,"congresswomanbrown",179120958813519,"facebook","F","1946-11-11",68
"B001135","Senate","Richard","Burr","R",0.561,9,"NC","North Carolina",NA,NA,"SenatorRichardBurr",132653626787856,"facebook","M","1955-11-30",59
"B001227","House","Robert","Brady","D",-0.437,18,"PA","Pennsylvania",1,NA,"RepRobertBrady",118845109487,"facebook","M","1945-04-07",69
"B001230","Senate","Tammy","Baldwin","D",-0.525,1,"WI","Wisconsin",NA,NA,"TammyBaldwin",7357041101,"facebook","F","1962-02-11",52
"B001236","Senate","John","Boozman","R",0.533,3,"AR","Arkansas",NA,NA,"JohnBoozman",7686715735,"facebook","M","1950-12-10",64
"B001243","House","Marsha","Blackburn","R",0.807,12,"TN","Tennessee",7,NA,"marshablackburn",6470828395,"facebook","F","1952-06-06",62
"B001245","House","Madeleine","Bordallo","D",NA,12,"GU",NA,79,NA,"madeleine.bordallo",161729837225622,"facebook","F","1933-05-31",81
"B001248","House","Michael","Burgess","R",0.99,12,"TX","Texas",26,NA,"michaelcburgess",6916472567,"facebook","M","1950-12-23",64
"B001250","House","Rob","Bishop","R",0.793,12,"UT","Utah",1,NA,"RepRobBishop",130802746950682,"facebook","M","1951-07-13",63
"B001251","House","G.","Butterfield","D",-0.385,12,"NC","North Carolina",1,NA,"congressmangkbutterfield",274687979233940,"facebook","M","1947-04-27",67
"B001255","House","Charles","Boustany Jr.","R",0.666,10,"LA","Louisiana",3,NA,"RepBoustany",197407646951718,"facebook","M","1956-02-21",58
"B001257","House","Gus","Bilirakis","R",0.583,10,"FL","Florida",12,NA,"GusBilirakis",135445766485586,"facebook","M","1963-02-08",51
"B001260","House","Vern","Buchanan","R",0.603,8,"FL","Florida",16,NA,"CongressmanBuchanan",67106719910,"facebook","M","1951-05-08",63
"B001261","Senate","John","Barrasso","R",0.653,7,"WY","Wyoming",NA,NA,"johnbarrasso",21146775942,"facebook","M","1952-07-21",62
"B001267","Senate","Michael","Bennet","D",-0.268,5,"CO","Colorado",NA,NA,"senatorbennet",97172997732,"facebook","M","1964-11-28",50
"B001269","House","Lou","Barletta","R",0.393,4,"PA","Pennsylvania",11,NA,"CongressmanLouBarletta",192357174108435,"facebook","M","1956-01-28",58
"B001270","House","Karen","Bass","D",-0.51,4,"CA","California",37,NA,"RepKarenBass",190867440939405,"facebook","F","1953-10-03",61
"B001271","House","Dan","Benishek","R",0.9,4,"MI","Michigan",1,NA,"CongressmanDan",124163654317596,"facebook","M","1952-04-20",62
"B001273","House","Diane","Black","R",0.728,4,"TN","Tennessee",6,NA,"DianeBlackTN06",186436274719648,"facebook","F","1951-01-16",63
"B001274","House","Mo","Brooks","R",0.818,4,"AL","Alabama",5,NA,"155220881193244",155220881193244,"facebook","M","1954-04-29",60
"B001275","House","Larry","Bucshon","R",0.61,4,"IN","Indiana",8,NA,"RepLarryBucshon",135670516492974,"facebook","M","1962-05-31",52
"B001277","Senate","Richard","Blumenthal","D",-0.461,3,"CT","Connecticut",NA,NA,"SenBlumenthal",289987304364966,"facebook","M","1946-02-13",68
"B001278","House","Suzanne","Bonamici","D",-0.417,4,"OR","Oregon",1,NA,"congresswomanbonamici",252633384817156,"facebook","F","1954-10-14",60
"B001281","House","Joyce","Beatty","D",-0.444,2,"OH","Ohio",3,NA,"RepJoyceBeatty",656884781042633,"facebook","F","1950-03-12",64
"B001282","House","Andy","Barr","R",0.767,2,"KY","Kentucky",6,NA,"RepAndyBarr",457461137635018,"facebook","M","1973-07-24",41
"B001283","House","Jim","Bridenstine","R",0.982,2,"OK","Oklahoma",1,NA,"CongressmanJimBridenstine",460003650715961,"facebook","M","1975-06-15",39
"B001284","House","Susan","Brooks","R",0.644,2,"IN","Indiana",5,NA,"congresswomansusanwbrooks",517697358277175,"facebook","F","1960-08-25",54
"B001286","House","Cheri","Bustos","D",-0.215,2,"IL","Illinois",17,NA,"RepCheri",581909665168588,"facebook","F","1961-10-17",53
"B001287","House","Ami","Bera","D",-0.207,2,"CA","California",7,NA,"RepAmiBera",528662157146886,"facebook","M","1965-03-02",49
"B001289","House","Bradley","Byrne","R",NA,2,"AL","Alabama",1,NA,"RepByrne",1374832002773142,"facebook","M","1955-02-16",59
"C000059","House","Ken","Calvert","R",0.548,22,"CA","California",42,NA,"70063393423",70063393423,"facebook","M","1953-06-08",61
"C000141","Senate","Benjamin","Cardin","D",-0.455,7,"MD","Maryland",NA,NA,"senatorbencardin",120421834675191,"facebook","M","1943-10-05",71
"C000174","Senate","Thomas","Carper","D",-0.28,13,"DE","Delaware",NA,NA,"tomcarper",124891107521733,"facebook","M","1947-01-23",67
"C000266","House","Steven","Chabot","R",0.837,4,"OH","Ohio",1,NA,"RepSteveChabot",204705339555378,"facebook","M","1953-01-22",61
"C000537","House","James","Clyburn","D",-0.382,22,"SC","South Carolina",6,NA,"jameseclyburn",127744320598870,"facebook","M","1940-07-21",74
"C000542","Senate","Daniel","Coats","R",0.491,3,"IN","Indiana",NA,NA,"180671148633644",180671148633644,"facebook","M","1943-05-16",71
"C000714","House","John","Conyers Jr.","D",-0.583,50,"MI","Michigan",13,NA,"CongressmanConyers",206947066849,"facebook","M","1929-05-16",85
"C000754","House","Jim","Cooper","D",-0.269,12,"TN","Tennessee",5,NA,"JimCooper",6627436391,"facebook","M","1954-06-19",60
"C000880","Senate","Michael","Crapo","R",0.727,15,"ID","Idaho",NA,NA,"mikecrapo",80335332266,"facebook","M","1951-05-20",63
"C000984","House","Elijah","Cummings","D",-0.442,20,"MD","Maryland",7,NA,"elijahcummings",291368465380,"facebook","M","1951-01-18",63
"C001035","Senate","Susan","Collins","R",0.04,17,"ME","Maine",NA,NA,"susancollins",7593313361,"facebook","F","1952-12-07",62
"C001036","House","Lois","Capps","D",-0.448,18,"CA","California",24,NA,"loiscapps",168989481141,"facebook","F","1938-01-10",76
"C001037","House","Michael","Capuano","D",-0.553,16,"MA","Massachusetts",7,NA,"RepMichaelCapuano",151168844937573,"facebook","M","1952-01-09",62
"C001038","House","Joseph","Crowley","D",-0.423,16,"NY","New York",14,NA,"repjoecrowley",176197712425090,"facebook","M","1962-03-16",52
"C001045","House","Ander","Crenshaw","R",0.487,14,"FL","Florida",4,NA,"200388204657",200388204657,"facebook","M","1944-09-01",70
"C001047","House","Shelley","Capito","R",0.53,14,"WV","West Virginia",2,NA,"senshelley",8057864757,"facebook","F","1953-11-26",61
"C001049","House","William","Clay","D",-0.488,14,"MO","Missouri",1,NA,"109135405838588",109135405838588,"facebook","M","1956-07-27",58
"C001051","House","John","Carter","R",0.499,12,"TX","Texas",31,NA,"judgecarter",407767916003589,"facebook","M","1941-11-06",73
"C001053","House","Tom","Cole","R",0.424,12,"OK","Oklahoma",4,NA,"TomColeOK04",146497782066300,"facebook","M","1949-04-28",65
"C001056","Senate","John","Cornyn","R",0.655,11,"TX","Texas",NA,NA,"sen.johncornyn",75755694423,"facebook","M","1952-02-02",62
"C001059","House","Jim","Costa","D",-0.177,10,"CA","California",16,NA,"RepJimCosta",166497040064181,"facebook","M","1952-04-13",62
"C001061","House","Emanuel","Cleaver II","D",-0.421,10,"MO","Missouri",5,NA,"emanuelcleaverii",7954512692,"facebook","M","1944-10-26",70
"C001062","House","K.","Conaway","R",0.829,10,"TX","Texas",11,NA,"mike.conaway",203482063021985,"facebook","M","1948-06-11",66
"C001063","House","Henry","Cuellar","D",-0.219,10,"TX","Texas",28,NA,"152569121550",152569121550,"facebook","M","1955-09-19",59
"C001066","House","Kathy","Castor","D",-0.401,8,"FL","Florida",14,NA,"USRepKathyCastor",181810465190906,"facebook","F","1966-08-20",48
"C001067","House","Yvette","Clarke","D",-0.565,8,"NY","New York",9,NA,"repyvettedclarke",135031389892682,"facebook","F","1964-11-21",50
"C001068","House","Steve","Cohen","D",-0.432,8,"TN","Tennessee",9,NA,"CongressmanSteveCohen",111456965545421,"facebook","M","1949-05-24",65
"C001069","House","Joe","Courtney","D",-0.339,8,"CT","Connecticut",2,NA,"joecourtney",330408799230,"facebook","M","1953-04-06",61
"C001070","Senate","Bob","Casey","D",-0.357,7,"PA","Pennsylvania",NA,NA,"SenatorBobCasey",107749545944874,"facebook","M","1960-04-13",54
"C001071","Senate","Bob","Corker","R",0.408,7,"TN","Tennessee",NA,NA,"bobcorker",109251415789533,"facebook","M","1952-08-24",62
"C001072","House","André","Carson","D",-0.4,8,"IN","Indiana",7,NA,"CongressmanAndreCarson",123884330964019,"facebook","M","1974-10-16",40
"C001076","House","Jason","Chaffetz","R",0.949,6,"UT","Utah",3,NA,"CongressmanJasonChaffetz",390419731073316,"facebook","M","1967-03-26",47
"C001077","House","Mike","Coffman","R",0.827,6,"CO","Colorado",6,NA,"repmikecoffman",366142384492,"facebook","M","1955-03-19",59
"C001078","House","Gerald","Connolly","D",-0.281,6,"VA","Virginia",11,NA,"CongressmanGerryConnolly",177164035838,"facebook","M","1950-03-30",64
"C001080","House","Judy","Chu","D",-0.508,8,"CA","California",27,NA,"RepJudyChu",41228315130,"facebook","F","1953-07-07",61
"C001083","House","John","Carney","D",-0.242,4,"DE","Delaware",1,NA,"JohnCarneyDE",156024857781159,"facebook","M","1956-05-20",58
"C001084","House","David","Cicilline","D",-0.412,4,"RI","Rhode Island",1,NA,"CongressmanDavidCicilline",186949061341027,"facebook","M","1961-07-15",53
"C001087","House","Rick","Crawford","R",0.478,4,"AR","Arkansas",1,NA,"RepRickCrawford",143344975723788,"facebook","M","1966-01-22",48
"C001088","Senate","Christopher","Coons","D",-0.369,5,"DE","Delaware",NA,NA,"senatorchriscoons",254950754518205,"facebook","M","1963-09-09",51
"C001090","House","Matt","Cartwright","D",-0.469,2,"PA","Pennsylvania",17,NA,"CongressmanMattCartwright",248507065275406,"facebook","M","1961-05-01",53
"C001091","House","Joaquin","Castro","D",-0.383,2,"TX","Texas",20,NA,"326420614138023",326420614138023,"facebook","M","1974-09-16",40
"C001092","House","Chris","Collins","R",0.527,2,"NY","New York",27,NA,"RepChrisCollins",467047586692268,"facebook","M","1950-05-20",64
"C001093","House","Doug","Collins","R",0.93,2,"GA","Georgia",9,NA,"RepresentativeDougCollins",505646972800006,"facebook","M","1966-08-16",48
"C001094","House","Paul","Cook","R",0.527,2,"CA","California",8,NA,"RepPaulCook",464458413604093,"facebook","M","1943-03-03",71
"C001095","House","Tom","Cotton","R",0.954,2,"AR","Arkansas",4,NA,"SenatorTomCotton",120355701459307,"facebook","M","1977-05-13",37
"C001096","House","Kevin","Cramer","R",0.419,2,"ND","North Dakota",1,NA,"CongressmanKevinCramer",498751820147706,"facebook","M","1961-01-21",53
"C001097","House","Tony","Cardenas","D",-0.373,2,"CA","California",29,NA,"repcardenas",485493954794945,"facebook","M","1963-03-31",51
"C001098","Senate","Ted","Cruz","R",0.962,1,"TX","Texas",NA,NA,"SenatorTedCruz",315496455229328,"facebook","M","1970-12-22",44
"C001101","House","Katherine","Clark","D",NA,2,"MA","Massachusetts",5,NA,"CongresswomanClark",1408040802774787,"facebook","F","1963-07-17",51
"D000096","House","Danny","Davis","D",-0.468,18,"IL","Illinois",7,NA,"280757931935749",280757931935749,"facebook","M","1941-09-06",73
"D000191","House","Peter","DeFazio","D",-0.526,28,"OR","Oregon",4,NA,"RepPeterDeFazio",94324364811,"facebook","M","1947-05-27",67
"D000197","House","Diana","DeGette","D",-0.414,18,"CO","Colorado",1,NA,"DianaDeGette",110757973488,"facebook","F","1957-07-29",57
"D000216","House","Rosa","DeLauro","D",-0.447,24,"CT","Connecticut",3,NA,"CongresswomanRosaDeLauro",181302611907634,"facebook","F","1943-03-02",71
"D000399","House","Lloyd","Doggett","D",-0.429,20,"TX","Texas",35,NA,"lloyddoggett",154050553704,"facebook","M","1946-10-06",68
"D000482","House","Mike","Doyle","D",-0.416,20,"PA","Pennsylvania",14,NA,"usrepmikedoyle",79663724861,"facebook","M","1953-08-05",61
"D000533","House","John","Duncan Jr.","R",1.083,28,"TN","Tennessee",2,NA,"CongressmanDuncan",102385999834718,"facebook","M","1947-07-21",67
"D000563","Senate","Richard","Durbin","D",-0.511,17,"IL","Illinois",NA,NA,"SenatorDurbin",180436795325335,"facebook","M","1944-11-21",70
"D000598","House","Susan","Davis","D",-0.338,14,"CA","California",53,NA,"RepSusanDavis",103767526332478,"facebook","F","1944-04-13",70
"D000600","House","Mario","Diaz-Balart","R",0.333,12,"FL","Florida",25,NA,"mdiazbalart",119538428117878,"facebook","M","1961-09-25",53
"D000604","House","Charlie","Dent","R",0.518,10,"PA","Pennsylvania",15,NA,"CongressmanDent",69862092533,"facebook","M","1960-05-24",54
"D000607","Senate","Joe","Donnelly","D",-0.198,1,"IN","Indiana",NA,NA,"senatordonnelly",168059529893610,"facebook","M","1955-09-28",59
"D000610","House","Ted","Deutch","D",-0.403,6,"FL","Florida",21,NA,"CongressmanTedDeutch",112179098816942,"facebook","M","1966-05-07",48
"D000612","House","Jeffrey","Denham","R",0.652,4,"CA","California",10,NA,"RepJeffDenham",133714040028137,"facebook","M","1967-07-29",47
"D000614","House","Sean","Duffy","R",0.805,4,"WI","Wisconsin",7,NA,"RepSeanDuffy",119657691436457,"facebook","M","1971-10-03",43
"D000615","House","Jeffrey","Duncan","R",0.959,4,"SC","South Carolina",3,NA,"RepJeffDuncan",187268144624279,"facebook","M","1966-01-07",48
"D000616","House","Scott","DesJarlais","R",0.733,4,"TN","Tennessee",4,NA,"ScottDesJarlaisTN04",145110472209094,"facebook","M","1964-02-21",50
"D000617","House","Suzan","DelBene","D",-0.272,4,"WA","Washington",1,NA,"RepDelBene",483962224987343,"facebook","F","1962-02-17",52
"D000618","House","Steve","Daines","R",0.712,2,"MT","Montana",1,NA,"SteveDainesMT",185361254941832,"facebook","M","1962-08-20",52
"D000619","House","Rodney","Davis","R",0.726,2,"IL","Illinois",13,NA,"RepRodneyDavis",323631667743052,"facebook","M","1970-01-05",44
"D000620","House","John","Delaney","D",-0.302,2,"MD","Maryland",6,NA,"congressmanjohndelaney",324527257655694,"facebook","M","1963-04-16",51
"D000621","House","Ron","DeSantis","R",0.913,2,"FL","Florida",6,NA,"RepDeSantis",464253846966014,"facebook","M","1978-09-14",36
"D000622","House","Tammy","Duckworth","D",-0.274,2,"IL","Illinois",8,NA,"CongresswomanTammyDuckworth",112300955610529,"facebook","F","1968-03-12",46
"E000179","House","Eliot","Engel","D",-0.339,26,"NY","New York",16,NA,"RepEliotLEngel",103355984852,"facebook","M","1947-02-18",67
"E000215","House","Anna","Eshoo","D",-0.381,22,"CA","California",18,NA,"RepAnnaEshoo",174979964227,"facebook","F","1942-12-13",72
"E000285","Senate","Michael","Enzi","R",0.685,17,"WY","Wyoming",NA,NA,"mikeenzi",23068049436,"facebook","M","1944-02-01",70
"E000288","House","Keith","Ellison","D",-0.569,8,"MN","Minnesota",5,NA,"Keith.Ellison",7997462059,"facebook","M","1963-08-04",51
"E000290","House","Donna","Edwards","D",-0.56,8,"MD","Maryland",4,NA,"107297211756",107297211756,"facebook","F","1958-06-28",56
"E000291","House","Renee","Ellmers","R",0.572,4,"NC","North Carolina",2,NA,"reneeellmers",167641493275000,"facebook","F","1964-02-09",50
"E000293","House","Elizabeth","Esty","D",-0.342,2,"CT","Connecticut",5,NA,"RepEsty",292076514228382,"facebook","F","1959-08-25",55
"F000030","House","Sam","Farr","D",-0.496,22,"CA","California",20,NA,"RepSamFarr",7018136294,"facebook","M","1941-07-04",73
"F000043","House","Chaka","Fattah","D",-0.39,20,"PA","Pennsylvania",2,NA,"repfattah",165961823475034,"facebook","M","1956-11-21",58
"F000062","Senate","Dianne","Feinstein","D",-0.356,21,"CA","California",NA,NA,"senatorfeinstein",334887279867783,"facebook","F","1933-06-22",81
"F000372","House","Rodney","Frelinghuysen","R",0.621,20,"NJ","New Jersey",11,NA,"rfrelinghuysen",191509977669708,"facebook","M","1946-04-29",68
"F000444","Senate","Jeff","Flake","R",0.437,1,"AZ","Arizona",NA,NA,"senatorjeffflake",154010926645,"facebook","M","1962-12-31",52
"F000445","House","J.","Forbes","R",0.602,14,"VA","Virginia",4,NA,"randyforbes",356330225020,"facebook","M","1952-02-17",62
"F000448","House","Trent","Franks","R",0.87,12,"AZ","Arizona",8,NA,"TrentFranks",209486545087,"facebook","M","1957-06-19",57
"F000449","House","Jeff","Fortenberry","R",0.56,10,"NE","Nebraska",1,NA,"jefffortenberry",48426842354,"facebook","M","1960-12-27",54
"F000450","House","Virginia","Foxx","R",0.988,8,"NC","North Carolina",5,NA,"RepVirginiaFoxx",131326196940421,"facebook","F","1943-06-29",71
"F000451","House","Michael","Fitzpatrick","R",0.518,4,"PA","Pennsylvania",8,NA,"RepFitzpatrick",132077153521454,"facebook","M","1963-06-28",51
"F000454","House","Bill","Foster","D",-0.247,2,"IL","Illinois",11,NA,"CongressmanBillFoster",102918290599,"facebook","M","1955-10-07",59
"F000455","House","Marcia","Fudge","D",-0.512,8,"OH","Ohio",11,NA,"RepMarciaLFudge",279006440801,"facebook","F","1952-10-29",62
"F000456","House","John","Fleming","R",0.785,6,"LA","Louisiana",4,NA,"repjohnfleming",372154186772,"facebook","M","1951-07-05",63
"F000458","House","Stephen","Fincher","R",0.756,4,"TN","Tennessee",8,NA,"RepFincherTN08",128861763849209,"facebook","M","1973-02-07",41
"F000459","House","Chuck","Fleischmann","R",0.656,4,"TN","Tennessee",3,NA,"repchuck",189998554345168,"facebook","M","1962-10-11",52
"F000460","House","Blake","Farenthold","R",0.733,4,"TX","Texas",27,NA,"BlakeFarenthold",186894244673001,"facebook","M","1961-12-12",53
"F000461","House","Bill","Flores","R",0.801,4,"TX","Texas",17,NA,"RepBillFlores",146176682102245,"facebook","M","1954-02-25",60
"F000462","House","Lois","Frankel","D",-0.438,2,"FL","Florida",22,NA,"RepLoisFrankel",138220153003017,"facebook","F","1948-05-16",66
"F000463","Senate","Deb","Fischer","R",0.559,1,"NE","Nebraska",NA,NA,"senatordebfischer",531623656856934,"facebook","F","1951-03-01",63
"G000289","House","Robert","Goodlatte","R",0.789,22,"VA","Virginia",6,NA,"BobGoodlatte",6459789414,"facebook","M","1952-09-22",62
"G000359","Senate","Lindsey","Graham","R",0.403,11,"SC","South Carolina",NA,NA,"USSenatorLindseyGraham",257937783228,"facebook","M","1955-07-09",59
"G000377","House","Kay","Granger","R",0.621,18,"TX","Texas",12,NA,"RepKayGranger",49640749719,"facebook","F","1943-01-18",71
"G000386","Senate","Charles","Grassley","R",0.501,33,"IA","Iowa",NA,NA,"grassley",106480645796,"facebook","M","1933-09-17",81
"G000410","House","Gene","Green","D",-0.316,22,"TX","Texas",29,NA,"RepGeneGreen",128735131872,"facebook","M","1947-10-17",67
"G000535","House","Luis","Gutierrez","D",-0.495,22,"IL","Illinois",4,NA,"RepGutierrez",91052833204,"facebook","M","1953-12-10",61
"G000546","House","Sam","Graves","R",0.779,14,"MO","Missouri",6,NA,"118514606128",118514606128,"facebook","M","1963-11-07",51
"G000548","House","Scott","Garrett","R",0.955,12,"NJ","New Jersey",5,NA,"repscottgarrett",6756553401,"facebook","M","1959-07-09",55
"G000551","House","Raúl","Grijalva","D",-0.59,12,"AZ","Arizona",3,NA,"Rep.Grijalva",73539896233,"facebook","M","1948-02-19",66
"G000552","House","Louie","Gohmert","R",1.002,10,"TX","Texas",1,NA,"50375006903",50375006903,"facebook","M","1953-08-18",61
"G000553","House","Al","Green","D",-0.353,10,"TX","Texas",9,NA,"repalgreen",136237609724391,"facebook","M","1947-09-01",67
"G000559","House","John","Garamendi","D",-0.362,6,"CA","California",3,NA,"repgaramendi",182567716746,"facebook","M","1945-01-24",69
"G000560","House","Tom","Graves","R",1,6,"GA","Georgia",14,NA,"reptomgraves",104548906262119,"facebook","M","1970-02-03",44
"G000562","House","Cory","Gardner","R",0.788,4,"CO","Colorado",4,NA,"SenCoryGardner",160924893954206,"facebook","M","1974-08-22",40
"G000563","House","Bob","Gibbs","R",0.621,4,"OH","Ohio",7,NA,"RepBobGibbs",191159267565100,"facebook","M","1954-06-14",60
"G000564","House","Chris","Gibson","R",0.535,4,"NY","New York",19,NA,"RepChrisGibson",190238567659779,"facebook","M","1964-05-13",50
"G000565","House","Paul","Gosar","R",0.767,4,"AZ","Arizona",4,NA,"repgosar",104329699641957,"facebook","M","1958-11-22",56
"G000566","House","Trey","Gowdy","R",0.898,4,"SC","South Carolina",4,NA,"143059759084016",143059759084016,"facebook","M","1964-08-22",50
"G000568","House","Morgan","Griffith","R",0.87,4,"VA","Virginia",9,NA,"RepMorganGriffith",141893975868919,"facebook","M","1958-03-15",56
"G000571","House","Tulsi","Gabbard","D",-0.281,2,"HI","Hawaii",2,NA,"RepTulsiGabbard",392284484191405,"facebook","F","1981-04-12",33
"H000324","House","Alcee","Hastings","D",-0.486,22,"FL","Florida",20,NA,"95696782238",95696782238,"facebook","M","1936-09-05",78
"H000636","House","Rubén","Hinojosa","D",-0.336,18,"TX","Texas",15,NA,"CongressmanRubenHinojosa",402891225161,"facebook","M","1940-08-20",74
"H000874","House","Steny","Hoyer","D",-0.318,34,"MD","Maryland",5,NA,"WhipHoyer",282861997886,"facebook","M","1939-06-14",75
"H001034","House","Michael","Honda","D",-0.551,14,"CA","California",17,NA,"RepMikeHonda",15675385380,"facebook","M","1941-06-27",73
"H001036","House","Jeb","Hensarling","R",0.863,12,"TX","Texas",5,NA,"RepHensarling",7875604788,"facebook","M","1957-05-29",57
"H001038","House","Brian","Higgins","D",-0.384,8,"NY","New York",26,NA,"RepBrianHiggins",88144056440,"facebook","M","1959-10-06",55
"H001041","Senate","Dean","Heller","R",0.46,3,"NV","Nevada",NA,NA,"SenDeanHeller",325751330177,"facebook","M","1960-05-10",54
"H001045","House","Gregg","Harper","R",0.522,6,"MS","Mississippi",3,NA,"GreggHarper",48248435938,"facebook","M","1956-06-01",58
"H001046","Senate","Martin","Heinrich","D",-0.364,1,"NM","New Mexico",NA,NA,"MartinHeinrich",137523189213,"facebook","M","1971-10-17",43
"H001047","House","Jim","Himes","D",-0.254,6,"CT","Connecticut",4,NA,"CongressmanJimHimes",85767418619,"facebook","M","1966-07-05",48
"H001048","House","Duncan","Hunter","R",0.712,6,"CA","California",50,NA,"DuncanHunter",79072979038,"facebook","M","1976-12-07",38
"H001051","House","Richard","Hanna","R",0.593,4,"NY","New York",22,NA,"reprichardhanna",172284859480630,"facebook","M","1951-01-25",63
"H001052","House","Andy","Harris","R",0.88,4,"MD","Maryland",1,NA,"AndyHarrisMD",508912729153334,"facebook","M","1957-01-25",57
"H001053","House","Vicky","Hartzler","R",0.712,4,"MO","Missouri",4,NA,"Congresswoman.Hartzler",183580061667324,"facebook","F","1960-10-13",54
"H001055","House","Joe","Heck","R",0.655,4,"NV","Nevada",3,NA,"RepJoeHeck",155211751194624,"facebook","M","1961-10-30",53
"H001056","House","Jaime","Herrera Beutler","R",0.738,4,"WA","Washington",3,NA,"herrerabeutler",177551525610164,"facebook","F","1978-11-03",36
"H001057","House","Tim","Huelskamp","R",0.989,4,"KS","Kansas",1,NA,"congressmanhuelskamp",165730996804553,"facebook","M","1968-11-11",46
"H001058","House","Bill","Huizenga","R",0.905,4,"MI","Michigan",2,NA,"RepHuizenga",145764842143763,"facebook","M","1969-01-31",45
"H001059","House","Randy","Hultgren","R",0.758,4,"IL","Illinois",14,NA,"RepHultgren",186221644739359,"facebook","M","1966-03-01",48
"H001060","House","Robert","Hurt","R",0.799,4,"VA","Virginia",5,NA,"RepRobertHurt",120068161395562,"facebook","M","1969-06-16",45
"H001061","Senate","John","Hoeven","R",0.404,3,"ND","North Dakota",NA,NA,"SenatorJohnHoeven",194483057244478,"facebook","M","1957-03-13",57
"H001063","House","Janice","Hahn","D",-0.441,4,"CA","California",44,NA,"RepJaniceHahn",256471267712118,"facebook","F","1952-03-30",62
"H001064","House","Denny","Heck","D",-0.33,2,"WA","Washington",10,NA,"CongressmanDennyHeck",547907568553615,"facebook","M","1952-07-29",62
"H001065","House","George","Holding","R",0.886,2,"NC","North Carolina",13,NA,"CongressmanGeorgeHolding",384164668340890,"facebook","M","1968-04-17",46
"H001067","House","Richard","Hudson","R",0.969,2,"NC","North Carolina",8,NA,"RepRichHudson",212153802255530,"facebook","M","1971-11-04",43
"H001068","House","Jared","Huffman","D",-0.469,2,"CA","California",2,NA,"RepHuffman",200227780116038,"facebook","M","1964-02-18",50
"H001069","Senate","Heidi","Heitkamp","D",-0.292,1,"ND","North Dakota",NA,NA,"SenatorHeidiHeitkamp",501810613175643,"facebook","F","1955-10-30",59
"I000024","Senate","James","Inhofe","R",0.768,21,"OK","Oklahoma",NA,NA,"jiminhofe",55018309421,"facebook","M","1934-11-17",80
"I000056","House","Darrell","Issa","R",0.84,14,"CA","California",49,NA,"darrellissa",19463427992,"facebook","M","1953-11-01",61
"I000057","House","Steve","Israel","D",-0.358,14,"NY","New York",3,NA,"RepSteveIsrael",110262982315,"facebook","M","1958-05-30",56
"J000032","House","Sheila","Jackson-Lee","D",-0.462,20,"TX","Texas",18,NA,"169479190984",169479190984,"facebook","F","1950-01-12",64
"J000126","House","Eddie","Johnson","D",-0.447,22,"TX","Texas",30,NA,"CongresswomanEBJtx30",84096022067,"facebook","F","1935-12-03",79
"J000174","House","Sam","Johnson","R",0.775,24,"TX","Texas",3,NA,"RepSamJohnson",52454091867,"facebook","M","1930-10-11",84
"J000255","House","Walter","Jones","R",0.054,20,"NC","North Carolina",3,NA,"15083070102",15083070102,"facebook","M","1943-02-10",71
"J000288","House","Hank","Johnson","D",-0.425,8,"GA","Georgia",4,NA,"115356957005",115356957005,"facebook","M","1954-10-02",60
"J000289","House","Jim","Jordan","R",0.893,8,"OH","Ohio",4,NA,"repjimjordan",35499336459,"facebook","M","1964-02-17",50
"J000290","House","Lynn","Jenkins","R",0.803,6,"KS","Kansas",2,NA,"replynnjenkins",6974973662,"facebook","F","1963-06-10",51
"J000292","House","Bill","Johnson","R",0.761,4,"OH","Ohio",6,NA,"RepBillJohnson",170477096312258,"facebook","M","1954-11-10",60
"J000293","Senate","Ron","Johnson","R",0.735,3,"WI","Wisconsin",NA,NA,"senronjohnson",186181661410703,"facebook","M","1955-04-08",59
"J000294","House","Hakeem","Jeffries","D",-0.439,2,"NY","New York",8,NA,"RepHakeemJeffries",118349138343701,"facebook","M","1970-08-04",44
"J000295","House","Dave","Joyce","R",0.508,2,"OH","Ohio",14,NA,"RepDaveJoyce",404318572981934,"facebook","M","1957-03-17",57
"J000296","House","David","Jolly","R",NA,2,"FL","Florida",13,NA,"repdavidjolly",712496765463007,"facebook","M","1972-10-31",42
"K000009","House","Marcy","Kaptur","D",-0.406,32,"OH","Ohio",9,NA,"RepresentativeMarcyKaptur",173753129419169,"facebook","F","1946-06-17",68
"K000188","House","Ron","Kind","D",-0.305,18,"WI","Wisconsin",3,NA,"repronkind",89152017954,"facebook","M","1963-03-16",51
"K000360","Senate","Mark","Kirk","R",0.303,5,"IL","Illinois",NA,NA,"SenatorKirk",116381528428230,"facebook","M","1959-09-15",55
"K000362","House","Steve","King","R",0.727,12,"IA","Iowa",4,NA,"stevekingia",134325379926458,"facebook","M","1949-05-28",65
"K000363","House","John","Kline","R",0.744,12,"MN","Minnesota",2,NA,"repjohnkline",770135879667732,"facebook","M","1947-09-06",67
"K000368","House","Ann","Kirkpatrick","D",-0.16,2,"AZ","Arizona",1,NA,"RepKirkpatrick",152493768236405,"facebook","F","1950-03-24",64
"K000375","House","Bill","Keating","D",-0.372,4,"MA","Massachusetts",9,NA,"Congressman.Keating",183092598372008,"facebook","M","1952-09-06",62
"K000376","House","Mike","Kelly","R",0.443,4,"PA","Pennsylvania",3,NA,"191056827594903",191056827594903,"facebook","M","1948-05-10",66
"K000378","House","Adam","Kinzinger","R",0.595,4,"IL","Illinois",16,NA,"RepKinzinger",187811174579106,"facebook","M","1978-02-27",36
"K000379","House","Joseph","Kennedy III","D",-0.472,2,"MA","Massachusetts",4,NA,"301936109927957",301936109927957,"facebook","M","1980-10-04",34
"K000380","House","Dan","Kildee","D",-0.401,2,"MI","Michigan",5,NA,"RepDanKildee",484166588292670,"facebook","M","1958-08-11",56
"K000381","House","Derek","Kilmer","D",-0.282,2,"WA","Washington",6,NA,"derek.kilmer",450819048314124,"facebook","M","1974-01-01",40
"K000382","House","Ann","Kuster","D",-0.309,2,"NH","New Hampshire",2,NA,"CongresswomanAnnieKuster",115543081952049,"facebook","F","1956-09-05",58
"K000384","Senate","Tim","Kaine","D",-0.313,1,"VA","Virginia",NA,NA,"SenatorKaine",482778861771212,"facebook","M","1958-02-26",56
"K000385","House","Robin","Kelly","D",-0.405,2,"IL","Illinois",2,NA,"reprobinkelly",150380975141321,"facebook","F","1956-04-30",58
"L000174","Senate","Patrick","Leahy","D",-0.451,39,"VT","Vermont",NA,NA,"SenatorPatrickLeahy",178569152181267,"facebook","M","1940-03-31",74
"L000263","House","Sander","Levin","D",-0.345,32,"MI","Michigan",9,NA,"RepSandyLevin",223726364320243,"facebook","M","1931-09-06",83
"L000287","House","John","Lewis","D",-0.56,28,"GA","Georgia",5,NA,"RepJohnLewis",82737208404,"facebook","M","1940-02-21",74
"L000397","House","Zoe","Lofgren","D",-0.424,20,"CA","California",19,NA,"zoelofgren",221191600719,"facebook","F","1947-12-21",67
"L000480","House","Nita","Lowey","D",-0.33,26,"NY","New York",17,NA,"RepLowey",158290607551599,"facebook","F","1937-07-05",77
"L000491","House","Frank","Lucas","R",0.495,22,"OK","Oklahoma",3,NA,"7872057395",7872057395,"facebook","M","1960-01-06",54
"L000551","House","Barbara","Lee","D",-0.666,18,"CA","California",13,NA,"RepBarbaraLee",92190287786,"facebook","F","1946-07-16",68
"L000554","House","Frank","LoBiondo","R",0.483,20,"NJ","New Jersey",2,NA,"FrankLoBiondo",94590050881,"facebook","M","1946-05-12",68
"L000557","House","John","Larson","D",-0.433,16,"CT","Connecticut",1,NA,"RepJohnLarson",6352928631,"facebook","M","1948-07-22",66
"L000559","House","Jim","Langevin","D",-0.365,14,"RI","Rhode Island",2,NA,"CongressmanJimLangevin",6578978441,"facebook","M","1964-04-22",50
"L000560","House","Rick","Larsen","D",-0.347,14,"WA","Washington",2,NA,"RepRickLarsen",135654683137079,"facebook","M","1965-06-15",49
"L000562","House","Stephen","Lynch","D",-0.351,14,"MA","Massachusetts",8,NA,"repstephenlynch",133720816696865,"facebook","M","1955-03-31",59
"L000563","House","Daniel","Lipinski","D",-0.226,10,"IL","Illinois",3,NA,"repdanlipinski",103286879730089,"facebook","M","1966-07-15",48
"L000564","House","Doug","Lamborn","R",0.855,8,"CO","Colorado",5,NA,"CongressmanDougLamborn",45059452286,"facebook","M","1954-05-24",60
"L000565","House","Dave","Loebsack","D",-0.291,8,"IA","Iowa",2,NA,"DaveLoebsack",291731316748,"facebook","M","1952-12-23",62
"L000566","House","Robert","Latta","R",0.706,8,"OH","Ohio",5,NA,"boblatta",255037508007011,"facebook","M","1956-04-18",58
"L000567","House","Leonard","Lance","R",0.658,6,"NJ","New Jersey",7,NA,"CongressmanLance",100830109970339,"facebook","M","1952-06-25",62
"L000569","House","Blaine","Luetkemeyer","R",0.651,6,"MO","Missouri",3,NA,"BlaineLuetkemeyer",573002239470919,"facebook","M","1952-05-07",62
"L000570","House","Ben","Lujan","D",-0.366,6,"NM","New Mexico",3,NA,"RepBenRayLujan",112962521120,"facebook","M","1972-06-07",42
"L000571","House","Cynthia","Lummis","R",0.92,6,"WY","Wyoming",1,NA,"152754318103332",152754318103332,"facebook","F","1954-09-10",60
"L000573","House","Raul","Labrador","R",0.983,4,"ID","Idaho",1,NA,"raul.r.labrador",180970951936493,"facebook","M","1967-12-08",47
"L000575","House","James","Lankford","R",0.712,4,"OK","Oklahoma",5,NA,"SenatorLankford",130873066975024,"facebook","M","1968-03-04",46
"L000576","House","Billy","Long","R",0.754,4,"MO","Missouri",7,NA,"Rep.Billy.Long",139631049438354,"facebook","M","1955-08-11",59
"L000577","Senate","Mike","Lee","R",0.994,3,"UT","Utah",NA,NA,"senatormikelee",178081365556898,"facebook","M","1971-06-04",43
"L000579","House","Alan","Lowenthal","D",-0.524,2,"CA","California",47,NA,"RepLowenthal",392631677490897,"facebook","M","1941-03-08",73
"L000580","House","Michelle","Lujan Grisham","D",-0.353,2,"NM","New Mexico",1,NA,"RepLujanGrisham",191640657646128,"facebook","F","1959-10-24",55
"M000133","House","Edward","Markey","D",-0.562,40,"MA","Massachusetts",5,NA,"EdJMarkey",6846731378,"facebook","M","1946-07-11",68
"M000303","Senate","John","McCain","R",0.407,27,"AZ","Arizona",NA,NA,"johnmccain",6425923706,"facebook","M","1936-08-29",78
"M000312","House","Jim","McGovern","D",-0.563,18,"MA","Massachusetts",2,NA,"RepJimMcGovern",148299805224565,"facebook","M","1959-11-20",55
"M000355","Senate","Mitch","McConnell","R",0.572,29,"KY","Kentucky",NA,NA,"mitchmcconnell",123994667639233,"facebook","M","1942-02-20",72
"M000404","House","Jim","McDermott","D",-0.697,26,"WA","Washington",7,NA,"CongressmanJimMcDermott",246418928093,"facebook","M","1936-12-28",78
"M000639","Senate","Robert","Menendez","D",-0.44,8,"NJ","New Jersey",NA,NA,"senatormenendez",349744811357,"facebook","M","1954-01-01",60
"M000689","House","John","Mica","R",0.687,22,"FL","Florida",7,NA,"JohnMica",101251529419,"facebook","M","1943-01-27",71
"M000702","Senate","Barbara","Mikulski","D",-0.414,27,"MD","Maryland",NA,NA,"SenatorMikulski",142890125771427,"facebook","F","1936-07-20",78
"M000934","Senate","Jerry","Moran","R",0.547,3,"KS","Kansas",NA,NA,"jerrymoran",171578807105,"facebook","M","1954-05-29",60
"M001137","House","Gregory","Meeks","D",-0.357,18,"NY","New York",5,NA,"gregorymeeksny05",617982881546611,"facebook","M","1953-09-25",61
"M001143","House","Betty","McCollum","D",-0.402,14,"MN","Minnesota",4,NA,"repbettymccollum",153386471383393,"facebook","F","1954-07-12",60
"M001144","House","Jeff","Miller","R",0.875,14,"FL","Florida",1,NA,"RepJeffMiller",66367876671,"facebook","M","1959-06-27",55
"M001150","House","Candice","Miller","R",0.677,12,"MI","Michigan",10,NA,"CongresswomanCandiceMiller",210401648605,"facebook","F","1954-05-07",60
"M001151","House","Tim","Murphy","R",0.467,12,"PA","Pennsylvania",18,NA,"reptimmurphy",105769762798552,"facebook","M","1952-09-11",62
"M001153","Senate","Lisa","Murkowski","R",0.142,13,"AK","Alaska",NA,NA,"SenLisaMurkowski",25271170290,"facebook","F","1957-05-22",57
"M001156","House","Patrick","McHenry","R",0.79,10,"NC","North Carolina",10,NA,"CongressmanMcHenry",8045519803,"facebook","M","1975-10-22",39
"M001157","House","Michael","McCaul","R",0.701,10,"TX","Texas",10,NA,"michaeltmccaul",6355254859,"facebook","M","1962-01-14",52
"M001158","House","Kenny","Marchant","R",0.932,10,"TX","Texas",24,NA,"RepKennyMarchant",6349487899,"facebook","M","1951-02-23",63
"M001159","House","Cathy","McMorris Rodgers","R",0.66,10,"WA","Washington",5,NA,"mcmorrisrodgers",321618789771,"facebook","F","1969-05-22",45
"M001160","House","Gwen","Moore","D",-0.538,10,"WI","Wisconsin",4,NA,"GwenSMoore",58864029545,"facebook","F","1951-04-18",63
"M001163","House","Doris","Matsui","D",-0.448,10,"CA","California",6,NA,"doris.matsui",282703023118,"facebook","F","1944-09-25",70
"M001165","House","Kevin","McCarthy","R",0.664,8,"CA","California",23,NA,"CongressmanKevinMcCarthy",51052893175,"facebook","M","1965-01-26",49
"M001166","House","Jerry","McNerney","D",-0.244,8,"CA","California",9,NA,"jerrymcnerney",215241308510238,"facebook","M","1951-06-18",63
"M001169","Senate","Christopher","Murphy","D",-0.589,1,"CT","Connecticut",NA,NA,"chrismurphyct",19437978960,"facebook","M","1973-08-03",41
"M001170","Senate","Claire","McCaskill","D",-0.256,7,"MO","Missouri",NA,NA,"senatormccaskill",131498087618,"facebook","F","1953-07-24",61
"M001176","Senate","Jeff","Merkley","D",-0.434,5,"OR","Oregon",NA,NA,"jeffmerkley",74374931545,"facebook","M","1956-10-24",58
"M001177","House","Tom","McClintock","R",0.999,6,"CA","California",4,NA,"81125319109",81125319109,"facebook","M","1956-07-10",58
"M001179","House","Tom","Marino","R",0.501,4,"PA","Pennsylvania",10,NA,"144408762280226",144408762280226,"facebook","M","1952-08-15",62
"M001180","House","David","McKinley","R",0.506,4,"WV","West Virginia",1,NA,"RepMcKinley",130377260362609,"facebook","M","1947-03-28",67
"M001181","House","Pat","Meehan","R",0.413,4,"PA","Pennsylvania",7,NA,"CongressmanPatrickMeehan",136000283132824,"facebook","M","1955-10-20",59
"M001182","House","Mick","Mulvaney","R",1,4,"SC","South Carolina",5,NA,"MulvaneySC5",188649667827713,"facebook","M","1967-07-21",47
"M001183","Senate","Joe","Manchin III","D",-0.111,5,"WV","West Virginia",NA,NA,"JoeManchinIII",10150135395755160,"facebook","M","1947-08-24",67
"M001184","House","Thomas","Massie","R",1,4,"KY","Kentucky",4,NA,"RepThomasMassie",452480994776070,"facebook","M","1971-01-13",43
"M001185","House","Sean","Maloney","D",-0.394,2,"NY","New York",18,NA,"RepSeanMaloney",551199354892891,"facebook","M","1966-07-30",48
"M001187","House","Mark","Meadows","R",0.814,2,"NC","North Carolina",11,NA,"Repmarkmeadows",409882952423501,"facebook","M","1959-07-28",55
"M001188","House","Grace","Meng","D",-0.367,2,"NY","New York",6,NA,"repgracemeng",195734010571362,"facebook","F","1975-10-01",39
"M001189","House","Luke","Messer","R",0.806,2,"IN","Indiana",6,NA,"RepLukeMesser",367444640018564,"facebook","M","1969-02-27",45
"M001191","House","Patrick","Murphy","D",-0.171,2,"FL","Florida",18,NA,"CongressmanPatrickMurphy",317735028342371,"facebook","M","1983-03-30",31
"N000002","House","Jerrold","Nadler","D",-0.499,24,"NY","New York",10,NA,"CongressmanNadler",78291598977,"facebook","M","1947-06-13",67
"N000015","House","Richard","Neal","D",-0.461,26,"MA","Massachusetts",1,NA,"325642654132598",325642654132598,"facebook","M","1949-02-14",65
"N000127","House","Rick","Nolan","D",-0.444,2,"MN","Minnesota",8,NA,"UsRepRickNolan",388085277945339,"facebook","M","1943-12-17",71
"N000147","House","Eleanor","Norton","D",NA,24,"DC",NA,79,NA,"CongresswomanNorton",61731840657,"facebook","F","1937-06-13",77
"N000179","House","Grace","Napolitano","D",-0.506,16,"CA","California",32,NA,"RepGraceNapolitano",163108420409412,"facebook","F","1936-12-04",78
"N000182","House","Randy","Neugebauer","R",0.847,12,"TX","Texas",19,NA,"rep.randy.neugebauer",64137294987,"facebook","M","1949-12-24",65
"N000185","House","Richard","Nugent","R",0.766,4,"FL","Florida",11,NA,"RepRichNugent",183541871674897,"facebook","M","1951-05-26",63
"O000168","House","Pete","Olson","R",0.677,6,"TX","Texas",22,NA,"20718168936",20718168936,"facebook","M","1962-12-09",52
"O000170","House","Beto","O&#x27;Rourke","D",-0.404,2,"TX","Texas",16,NA,"betoorourketx16",460776160654909,"facebook","M","1972-09-26",42
"P000034","House","Frank","Pallone","D",-0.564,28,"NJ","New Jersey",6,NA,"repfrankpallone",6517277731,"facebook","M","1951-10-30",63
"P000096","House","Bill","Pascrell Jr.","D",-0.411,18,"NJ","New Jersey",9,NA,"pascrell",303312929155,"facebook","M","1937-01-25",77
"P000197","House","Nancy","Pelosi","D",-0.407,26,"CA","California",12,NA,"NancyPelosi",86574174383,"facebook","F","1940-03-26",74
"P000373","House","Joe","Pitts","R",0.837,18,"PA","Pennsylvania",16,NA,"94156528752",94156528752,"facebook","M","1939-10-10",75
"P000449","Senate","Rob","Portman","R",0.45,3,"OH","Ohio",NA,NA,"senrobportman",45243961073,"facebook","M","1955-12-19",59
"P000588","House","Steve","Pearce","R",0.799,4,"NM","New Mexico",2,NA,"RepStevePearce",180280568662135,"facebook","M","1947-08-24",67
"P000591","House","Tom","Price","R",0.943,10,"GA","Georgia",6,NA,"reptomprice",172032960420,"facebook","M","1954-10-08",60
"P000592","House","Ted","Poe","R",0.967,10,"TX","Texas",2,NA,"106631626049851",106631626049851,"facebook","M","1948-09-10",66
"P000593","House","Ed","Perlmutter","D",-0.29,8,"CO","Colorado",7,NA,"RepPerlmutter",86174496459,"facebook","M","1953-05-01",61
"P000594","House","Erik","Paulsen","R",0.734,6,"MN","Minnesota",3,NA,"CongressmanErikPaulsen",128558293848160,"facebook","M","1965-05-14",49
"P000596","House","Pedro","Pierluisi","D",NA,6,"PR",NA,80,NA,"pedropierluisi",55139978107,"facebook","M","1959-04-26",55
"P000597","House","Chellie","Pingree","D",-0.497,6,"ME","Maine",1,NA,"ChelliePingree",91529332807,"facebook","F","1955-04-02",59
"P000598","House","Jared","Polis","D",-0.327,6,"CO","Colorado",2,NA,"jaredpolis",53481427529,"facebook","M","1975-05-12",39
"P000601","House","Steven","Palazzo","R",0.596,4,"MS","Mississippi",4,NA,"stevenpalazzo",186908658003781,"facebook","M","1970-02-21",44
"P000602","House","Mike","Pompeo","R",0.828,4,"KS","Kansas",4,NA,"CongressmanPompeo",101965369880683,"facebook","M","1963-12-30",51
"P000603","Senate","Rand","Paul","R",0.994,3,"KY","Kentucky",NA,NA,"SenatorRandPaul",161355253917286,"facebook","M","1963-01-07",51
"P000604","House","Donald","Payne Jr.","D",-0.489,4,"NJ","New Jersey",10,NA,"DonaldPayneJr",360976767343741,"facebook","M","1958-12-17",56
"P000605","House","Scott","Perry","R",0.812,2,"PA","Pennsylvania",4,NA,"Rep.ScottPerry",376801102416184,"facebook","M","1962-05-27",52
"P000606","House","Robert","Pittenger","R",0.862,2,"NC","North Carolina",9,NA,"congressmanpittenger",376142742468386,"facebook","M","1948-08-15",66
"P000607","House","Mark","Pocan","D",-0.629,2,"WI","Wisconsin",2,NA,"repmarkpocan",436881033058309,"facebook","M","1964-08-14",50
"P000608","House","Scott","Peters","D",-0.165,2,"CA","California",52,NA,"CongressmanScottPeters",449337038470352,"facebook","M","1958-06-17",56
"Q000023","House","Mike","Quigley","D",-0.344,6,"IL","Illinois",5,NA,"repmikequigley",158963645688,"facebook","M","1958-10-17",56
"R000053","House","Charles","Rangel","D",-0.408,44,"NY","New York",13,NA,"CBRangel",7390589055,"facebook","M","1930-06-11",84
"R000122","Senate","Jack","Reed","D",-0.484,17,"RI","Rhode Island",NA,NA,"SenJackReed",213866375370646,"facebook","M","1949-11-12",65
"R000146","Senate","Harry","Reid","D",-0.423,27,"NV","Nevada",NA,NA,"SenatorReid",360249323990357,"facebook","M","1939-12-02",75
"R000307","Senate","Pat","Roberts","R",0.558,17,"KS","Kansas",NA,NA,"SenPatRoberts",205694792808927,"facebook","M","1936-04-20",78
"R000395","House","Harold","Rogers","R",0.54,34,"KY","Kentucky",5,NA,"CongressmanHalRogers",6722039085,"facebook","M","1937-12-31",77
"R000435","House","Ileana","Ros-Lehtinen","R",0.488,26,"FL","Florida",27,NA,"iroslehtinen",286546974761109,"facebook","F","1952-07-15",62
"R000486","House","Lucille","Roybal-Allard","D",-0.407,22,"CA","California",40,NA,"RepRoybalAllard",139773069370563,"facebook","F","1941-06-12",73
"R000487","House","Ed","Royce","R",0.911,22,"CA","California",39,NA,"EdRoyce",6460640558,"facebook","M","1951-10-12",63
"R000515","House","Bobby","Rush","D",-0.417,22,"IL","Illinois",1,NA,"congressmanbobbyrush",230753786936538,"facebook","M","1946-11-23",68
"R000575","House","Mike","Rogers","R",0.433,14,"AL","Alabama",3,NA,"171770326187035",171770326187035,"facebook","M","1958-07-16",56
"R000576","House","C.A. Dutch","Ruppersberger","D",-0.306,12,"MD","Maryland",2,NA,"184756771570504",184756771570504,"facebook","M","1946-01-31",68
"R000577","House","Tim","Ryan","D",-0.396,12,"OH","Ohio",13,NA,"timryan",121560497865,"facebook","M","1973-07-16",41
"R000578","House","Dave","Reichert","R",0.519,10,"WA","Washington",8,NA,"repdavereichert",91504302598,"facebook","M","1950-08-29",64
"R000580","House","Peter","Roskam","R",0.681,8,"IL","Illinois",6,NA,"RepRoskam",118777661469195,"facebook","M","1961-09-13",53
"R000582","House","Phil","Roe","R",0.73,6,"TN","Tennessee",1,NA,"DrPhilRoe",130725126985966,"facebook","M","1945-07-21",69
"R000583","House","Tom","Rooney","R",0.733,6,"FL","Florida",17,NA,"reptomrooney",117697790448,"facebook","M","1970-11-21",44
"R000585","House","Tom","Reed","R",0.642,6,"NY","New York",23,NA,"RepTomReed",102449199835273,"facebook","M","1971-11-18",43
"R000586","House","Jim","Renacci","R",0.717,4,"OH","Ohio",16,NA,"repjimrenacci",187639524595278,"facebook","M","1958-12-03",56
"R000587","House","Reid","Ribble","R",0.906,4,"WI","Wisconsin",8,NA,"CongressmanReidRibble",157169920997203,"facebook","M","1956-04-05",58
"R000588","House","Cedric","Richmond","D",-0.409,4,"LA","Louisiana",2,NA,"RepRichmond",197737020257085,"facebook","M","1973-09-13",41
"R000589","House","Scott","Rigell","R",0.779,4,"VA","Virginia",2,NA,"RepScottRigell",167851429918010,"facebook","M","1960-05-28",54
"R000591","House","Martha","Roby","R",0.45,4,"AL","Alabama",2,NA,"Representative.Martha.Roby",174519582574426,"facebook","F","1976-07-27",38
"R000592","House","Todd","Rokita","R",0.843,4,"IN","Indiana",4,NA,"RepToddRokita",183180288372896,"facebook","M","1970-02-09",44
"R000593","House","Dennis","Ross","R",0.796,4,"FL","Florida",15,NA,"dennis.ross.376",469477579757018,"facebook","M","1959-10-18",55
"R000595","Senate","Marco","Rubio","R",0.617,3,"FL","Florida",NA,NA,"SenatorMarcoRubio",178910518800987,"facebook","M","1971-05-28",43
"R000597","House","Tom","Rice","R",0.797,2,"SC","South Carolina",7,NA,"reptomrice",403403083083104,"facebook","M","1957-08-04",57
"R000598","House","Keith","Rothfus","R",0.7,2,"PA","Pennsylvania",12,NA,"keithrothfus",133803223451004,"facebook","M","1962-04-25",52
"R000599","House","Raul","Ruiz","D",-0.205,2,"CA","California",36,NA,"CongressmanRaulRuizMD",245244468941114,"facebook","M","1972-08-25",42
"S000018","House","Matt","Salmon","R",0.821,2,"AZ","Arizona",5,NA,"RepMattSalmon",149561218527414,"facebook","M","1958-01-21",56
"S000030","House","Loretta","Sanchez","D",-0.377,18,"CA","California",46,NA,"LorettaSanchez",90966961167,"facebook","F","1960-01-07",54
"S000033","Senate","Bernard","Sanders","I",-0.685,7,"VT","Vermont",NA,NA,"senatorsanders",9124187907,"facebook","M","1941-09-08",73
"S000051","House","Mark","Sanford","R",0.97,2,"SC","South Carolina",1,NA,"RepSanfordSC",118387985037658,"facebook","M","1960-05-28",54
"S000148","Senate","Charles","Schumer","D",-0.423,15,"NY","New York",NA,NA,"chuckschumer",15771239406,"facebook","M","1950-11-23",64
"S000185","House","Robert","Scott","D",-0.414,22,"VA","Virginia",3,NA,"CongressmanBobbyScott",123839200978190,"facebook","M","1947-04-30",67
"S000244","House","F.","Sensenbrenner","R",1.257,36,"WI","Wisconsin",5,NA,"RepSensenbrenner",100997129276,"facebook","M","1943-06-14",71
"S000248","House","José","Serrano","D",-0.494,26,"NY","New York",15,NA,"RepJoseSerrano",273446508512,"facebook","M","1943-10-24",71
"S000250","House","Pete","Sessions","R",0.805,18,"TX","Texas",32,NA,"petesessions",367963843082,"facebook","M","1955-03-22",59
"S000320","Senate","Richard","Shelby","R",0.623,27,"AL","Alabama",NA,NA,"RichardShelby",50850514797,"facebook","M","1934-05-06",80
"S000344","House","Brad","Sherman","D",-0.373,18,"CA","California",30,NA,"63158229861",63158229861,"facebook","M","1954-10-24",60
"S000364","House","John","Shimkus","R",0.634,18,"IL","Illinois",15,NA,"repshimkus",123916254317516,"facebook","M","1958-02-21",56
"S000480","House","Louise","Slaughter","D",-0.563,28,"NY","New York",25,NA,"RepLouiseSlaughter",82424647700,"facebook","F","1929-08-14",85
"S000510","House","Adam","Smith","D",-0.296,18,"WA","Washington",9,NA,"RepAdamSmith",288586617834523,"facebook","M","1965-06-15",49
"S000522","House","Christopher","Smith","R",0.398,34,"NJ","New Jersey",4,NA,"RepChrisSmith",371621772908416,"facebook","M","1953-03-04",61
"S000583","House","Lamar","Smith","R",0.601,28,"TX","Texas",21,NA,"LamarSmithTX21",107736785195,"facebook","M","1947-11-19",67
"S001141","Senate","Jeff","Sessions","R",0.649,17,"AL","Alabama",NA,NA,"jeffsessions",23444159584,"facebook","M","1946-12-24",68
"S001145","House","Jan","Schakowsky","D",-0.595,16,"IL","Illinois",9,NA,"janschakowsky",160143957118,"facebook","F","1944-05-26",70
"S001148","House","Mike","Simpson","R",0.398,16,"ID","Idaho",2,NA,"96007744606",96007744606,"facebook","M","1950-09-08",64
"S001150","House","Adam","Schiff","D",-0.343,14,"CA","California",28,NA,"RepAdamSchiff",9086721830,"facebook","M","1960-06-22",54
"S001154","House","Bill","Shuster","R",0.533,14,"PA","Pennsylvania",9,NA,"Rep.Shuster",54386677806,"facebook","M","1961-01-10",53
"S001156","House","Linda","Sanchez","D",-0.501,12,"CA","California",38,NA,"CongresswomanLindaSanchez",110685735673141,"facebook","F","1969-01-28",45
"S001157","House","David","Scott","D",-0.377,12,"GA","Georgia",13,NA,"113303673339",113303673339,"facebook","M","1945-06-27",69
"S001165","House","Albio","Sires","D",-0.375,10,"NJ","New Jersey",8,NA,"81058818750",81058818750,"facebook","M","1951-01-26",63
"S001175","House","Jackie","Speier","D",-0.48,8,"CA","California",14,NA,"JackieSpeier",99332606976,"facebook","F","1950-05-14",64
"S001176","House","Steve","Scalise","R",0.772,8,"LA","Louisiana",1,NA,"RepSteveScalise",50936151681,"facebook","M","1965-10-06",49
"S001177","House","Gregorio &#x27;Kilili&#x27;","Sablan","I",NA,6,"MP",NA,79,NA,"153423912663",153423912663,"facebook","M","1955-01-19",59
"S001180","House","Kurt","Schrader","D",-0.257,6,"OR","Oregon",5,NA,"repschrader",94978896695,"facebook","M","1951-10-19",63
"S001181","Senate","Jeanne","Shaheen","D",-0.343,5,"NH","New Hampshire",NA,NA,"SenatorShaheen",127503767282103,"facebook","F","1947-01-28",67
"S001183","House","David","Schweikert","R",0.902,4,"AZ","Arizona",6,NA,"repdavidschweikert",150338151681908,"facebook","M","1962-03-03",52
"S001184","Senate","Tim","Scott","R",0.777,1,"SC","South Carolina",NA,NA,"SenatorTimScott",163207553711385,"facebook","M","1965-09-19",49
"S001185","House","Terri","Sewell","D",-0.31,4,"AL","Alabama",7,NA,"RepSewell",117758198297225,"facebook","F","1965-01-01",49
"S001187","House","Steve","Stivers","R",0.579,4,"OH","Ohio",15,NA,"116058275133542",116058275133542,"facebook","M","1965-03-24",49
"S001188","House","Marlin","Stutzman","R",0.959,6,"IN","Indiana",3,NA,"CongressmanMarlinStutzman",109067049164902,"facebook","M","1976-08-31",38
"S001189","House","Austin","Scott","R",0.782,4,"GA","Georgia",8,NA,"RepAustinScott",131177916946914,"facebook","M","1969-12-10",45
"S001191","House","Kyrsten","Sinema","D",-0.133,2,"AZ","Arizona",9,NA,"CongresswomanSinema",233846963416149,"facebook","F","1976-07-12",38
"S001192","House","Chris","Stewart","R",0.651,2,"UT","Utah",2,NA,"RepChrisStewart",242042855928904,"facebook","M","1960-07-15",54
"S001193","House","Eric","Swalwell","D",-0.372,2,"CA","California",15,NA,"CongressmanEricSwalwell",450130878375355,"facebook","M","1980-11-16",34
"S001194","Senate","Brian","Schatz","D",-0.506,1,"HI","Hawaii",NA,NA,"SenBrianSchatz",357806137657533,"facebook","M","1972-10-20",42
"S001195","House","Jason","Smith","R",0.829,2,"MO","Missouri",8,NA,"repjasonsmith",544741092252764,"facebook","M","1980-06-16",34
"T000193","House","Bennie","Thompson","D",-0.429,22,"MS","Mississippi",2,NA,"7259193379",7259193379,"facebook","M","1948-01-28",66
"T000238","House","William","Thornberry","R",0.754,20,"TX","Texas",13,NA,"repmacthornberry",7760165627,"facebook","M","1958-07-15",56
"T000460","House","Mike","Thompson","D",-0.422,16,"CA","California",5,NA,"RepMikeThompson",7109195747,"facebook","M","1951-01-24",63
"T000461","Senate","Patrick","Toomey","R",0.634,3,"PA","Pennsylvania",NA,NA,"senatortoomey",189274047751251,"facebook","M","1961-11-17",53
"T000462","House","Pat","Tiberi","R",0.665,14,"OH","Ohio",12,NA,"RepPatTiberi",90452932937,"facebook","M","1962-10-21",52
"T000463","House","Michael","Turner","R",0.488,12,"OH","Ohio",10,NA,"RepMikeTurner",9275036647,"facebook","M","1960-01-11",54
"T000464","Senate","Jon","Tester","D",-0.28,7,"MT","Montana",NA,NA,"senatortester",210573031664,"facebook","M","1956-08-21",58
"T000465","House","Niki","Tsongas","D",-0.414,8,"MA","Massachusetts",3,NA,"RepTsongas",131079823624873,"facebook","F","1946-04-26",68
"T000467","House","Glenn","Thompson","R",0.487,6,"PA","Pennsylvania",5,NA,"CongressmanGT",14463006747,"facebook","M","1959-07-27",55
"T000468","House","Dina","Titus","D",-0.317,2,"NV","Nevada",1,NA,"CongresswomanTitus",120660834778561,"facebook","F","1950-05-23",64
"T000469","House","Paul","Tonko","D",-0.425,6,"NY","New York",20,NA,"paul.tonko",30671144824,"facebook","M","1949-06-18",65
"T000470","House","Scott","Tipton","R",0.72,4,"CO","Colorado",3,NA,"CongressmanScottTipton",191428784201721,"facebook","M","1956-11-09",58
"T000472","House","Mark","Takano","D",-0.481,2,"CA","California",41,NA,"RepMarkTakano",262447300551014,"facebook","M","1960-12-10",54
"U000031","House","Fred","Upton","R",0.678,28,"MI","Michigan",6,NA,"RepFredUpton",212027388827797,"facebook","M","1953-04-23",61
"U000039","Senate","Tom","Udall","D",-0.428,6,"NM","New Mexico",NA,NA,"senatortomudall",106433512869,"facebook","M","1948-05-18",66
"V000081","House","Nydia","Velázquez","D",-0.525,22,"NY","New York",7,NA,"8037068318",8037068318,"facebook","F","1953-03-28",61
"V000108","House","Peter","Visclosky","D",-0.429,30,"IN","Indiana",1,NA,"repvisclosky",118723661514709,"facebook","M","1949-08-13",65
"V000128","House","Chris","Van Hollen","D",-0.374,12,"MD","Maryland",8,NA,"chrisvanhollen",109304033877,"facebook","M","1959-01-10",55
"V000129","House","David","Valadao","R",0.598,2,"CA","California",21,NA,"CongressmanDavidValadao",105596689621089,"facebook","M","1977-04-14",37
"V000130","House","Juan","Vargas","D",-0.404,2,"CA","California",51,NA,"RepJuanVargas",176942192453747,"facebook","M","1961-03-07",53
"V000131","House","Marc","Veasey","D",-0.375,2,"TX","Texas",33,NA,"CongressmanMarcVeasey",394849110600016,"facebook","M","1971-01-03",43
"V000132","House","Filemon","Vela","D",-0.288,2,"TX","Texas",34,NA,"USCongressmanFilemonVela",510462622331477,"facebook","M","1963-02-13",51
"W000187","House","Maxine","Waters","D",-0.569,24,"CA","California",43,NA,"MaxineWaters",117483585008,"facebook","F","1938-08-15",76
"W000413","House","Edward","Whitfield","R",0.526,20,"KY","Kentucky",1,NA,"RepEdWhitfield",91115765425,"facebook","M","1943-05-25",71
"W000437","Senate","Roger","Wicker","R",0.474,7,"MS","Mississippi",NA,NA,"SenatorWicker",158401580882385,"facebook","M","1951-07-05",63
"W000791","House","Greg","Walden","R",0.647,16,"OR","Oregon",2,NA,"repgregwalden",313301365382225,"facebook","M","1957-01-10",57
"W000795","House","Joe","Wilson","R",0.816,14,"SC","South Carolina",2,NA,"JoeWilson",70150469414,"facebook","M","1947-07-31",67
"W000796","House","Lynn","Westmoreland","R",0.852,10,"GA","Georgia",3,NA,"71389451419",71389451419,"facebook","M","1950-04-02",64
"W000797","House","Debbie","Wasserman Schultz","D",-0.356,10,"FL","Florida",23,NA,"RepDWS",88904724121,"facebook","F","1966-09-27",48
"W000798","House","Tim","Walberg","R",0.776,4,"MI","Michigan",7,NA,"RepWalberg",187654104587692,"facebook","M","1951-04-12",63
"W000800","House","Peter","Welch","D",-0.471,8,"VT","Vermont",1,NA,"PeterWelch",72680720883,"facebook","M","1947-05-02",67
"W000802","Senate","Sheldon","Whitehouse","D",-0.528,7,"RI","Rhode Island",NA,NA,"SenatorWhitehouse",194172833926853,"facebook","M","1955-10-20",59
"W000804","House","Robert","Wittman","R",0.635,8,"VA","Virginia",1,NA,"RepRobWittman",38932542633,"facebook","M","1959-02-03",55
"W000805","Senate","Mark","Warner","D",-0.261,5,"VA","Virginia",NA,NA,"MarkRWarner",7935122852,"facebook","M","1954-12-15",60
"W000806","House","Daniel","Webster","R",0.702,4,"FL","Florida",10,NA,"RepWebster",188572961157305,"facebook","M","1949-04-27",65
"W000808","House","Frederica","Wilson","D",-0.441,4,"FL","Florida",24,NA,"RepWilson",162327487151626,"facebook","F","1942-11-05",72
"W000809","House","Steve","Womack","R",0.437,4,"AR","Arkansas",3,NA,"RepSteveWomack",135898413136490,"facebook","M","1957-02-18",57
"W000810","House","Rob","Woodall","R",0.977,4,"GA","Georgia",7,NA,"RepRobWoodall",172573036140374,"facebook","M","1970-02-11",44
"W000812","House","Ann","Wagner","R",0.723,2,"MO","Missouri",2,NA,"RepAnnWagner",215485388588143,"facebook","F","1962-09-13",52
"W000813","House","Jackie","Walorski","R",0.597,2,"IN","Indiana",2,NA,"RepJackieWalorski",466876036704525,"facebook","F","1963-08-17",51
"W000814","House","Randy","Weber","R",0.918,2,"TX","Texas",14,NA,"TXRandy14",128891177274584,"facebook","M","1953-07-02",61
"W000815","House","Brad","Wenstrup","R",0.779,2,"OH","Ohio",2,NA,"RepBradWenstrup",124462944390458,"facebook","M","1958-06-17",56
"W000816","House","Roger","Williams","R",0.744,2,"TX","Texas",25,NA,"RepRogerWilliams",322383274535068,"facebook","M","1949-09-13",65
"W000817","Senate","Elizabeth","Warren","D",-0.541,1,"MA","Massachusetts",NA,NA,"senatorelizabethwarren",131559043673264,"facebook","F","1949-06-22",65
"Y000033","House","Don","Young","R",0.491,42,"AK","Alaska",1,NA,"RepDonYoung",7476269851,"facebook","M","1933-06-09",81
"Y000062","House","John","Yarmuth","D",-0.38,8,"KY","Kentucky",3,NA,"214258646163",214258646163,"facebook","M","1947-11-04",67
"Y000063","House","Kevin","Yoder","R",0.843,4,"KS","Kansas",3,NA,"CongressmanKevinYoder",154026694650252,"facebook","M","1976-01-08",38
"Y000064","House","Todd","Young","R",0.72,4,"IN","Indiana",9,NA,"RepToddYoung",186203844738421,"facebook","M","1972-08-24",42
"Y000065","House","Ted","Yoho","R",0.947,2,"FL","Florida",3,NA,"CongressmanTedYoho",563532937006022,"facebook","M","1955-04-13",59
